prompt,language,source
The weather today is very,en,original
I would like to tell you about,en,original
Scientists have discovered that,en,original
The most important thing in life is,en,original
Once upon a time there was a,en,original
"""We now have 4-month-old mice that are non-diabetic that used to be diabetic,"" he added.",en,flores200
"Dr. Ehud Ur, professor of medicine at Dalhousie University in Halifax, Nova Scotia and chair of the clinical and scientific division of the Canadian Diabetes Association cautioned that the research is still in its early days.",en,flores200
"Like some other experts, he is skeptical about whether diabetes can be cured, noting that these findings have no relevance to people who already have Type 1 diabetes.",en,flores200
"Danius said, ""Right now we are doing nothing. I have called and sent emails to his closest collaborator and received very friendly replies. For now, that is certainly enough.""",en,flores200
"Previously, Ring's CEO, Jamie Siminoff, remarked the company started when his doorbell wasn't audible from his shop in his garage.",en,flores200
Siminoff said sales boosted after his 2013 appearance in a Shark Tank episode where the show panel declined funding the startup.,en,flores200
"In late 2017, Siminoff appeared on shopping television channel QVC.",en,flores200
"Ring also settled a lawsuit with competing security company, the ADT Corporation.",en,flores200
"While one experimental vaccine appears able to reduce Ebola mortality, up until now, no drugs have been clearly demonstrated suitable for treating existing infection.",en,flores200
"One antibody cocktail, ZMapp, initially showed promise in the field, but formal studies indicated it had less benefit than sought in preventing death.",en,flores200
"In the PALM trial, ZMapp served as a control, meaning scientists used it as a baseline and compared the three other treatments to it.",en,flores200
USA Gymnastics supports the United States Olympic Committee's letter and accepts the absolute need of the Olympic family to promote a safe environment for all of our athletes.,en,flores200
"USA Gymnastics and the USOC have the same goal — making the sport of gymnastics, and others, as safe as possible for athletes to follow their dreams in a safe, positive and empowered environment.",en,flores200
"Throughout 1960s, Brzezinski worked for John F. Kennedy as his advisor and then the Lyndon B. Johnson administration.",en,flores200
"During the 1976 selections he advised Carter on foreign policy, then served as National Security Advisor (NSA) from 1977 to 1981, succeeding Henry Kissinger.",en,flores200
"The movie, featuring Ryan Gosling and Emma Stone, received nominations in all major categories.",en,flores200
Gosling and Stone received nominations for Best Actor and Actress respectively.,en,flores200
"Two songs from the movie, Audition (The Fools Who Dream) and City of Stars, received nominations for best original song. Lionsgate studio received 26 nominations — more than any other studio.",en,flores200
"Late on Sunday, the United States President Donald Trump, in a statement delivered via the press secretary, announced US troops would be leaving Syria.",en,flores200
The announcement was made after Trump had a phone conversation with Turkish President Recep Tayyip Erdoğan.,en,flores200
Le temps aujourd'hui est très,fr,original
Je voudrais vous parler de,fr,original
Les scientifiques ont découvert que,fr,original
La chose la plus importante dans la vie est,fr,original
Il était une fois un,fr,original
"« Nous avons à présent des souris de 4 mois qui ne sont pas diabétiques alors qu'elles l'étaient auparavant », a-t-il ajouté.",fr,flores200
"Le Dr Ehud Ur, professeur de médecine à l'Université Dalhousie de Halifax (Nouvelle-Écosse) et président de la division clinique et scientifique de l'Association canadienne du diabète, a averti que la recherche en était encore à ses débuts.",fr,flores200
"À l'instar d'autres experts, il se montre sceptique quant à la possibilité de guérir le diabète, faisant remarquer que ces résultats ne sont pas applicables aux personnes qui souffrent déjà de diabète de type 1.",fr,flores200
"Danius a déclaré : « En ce moment, nous ne faisons rien. J'ai appelé et envoyé des courriels à son plus proche collaborateur et j'ai reçu des réponses très amicales. Pour l'instant, c'est certainement suffisant. »",fr,flores200
"Auparavant, le PDG de Ring, Jamie Siminoff, a fait remarquer qu'il a lancé l'entreprise lorsque la sonnette de sa porte d'entrée n'était pas audible depuis son magasin dans son garage.",fr,flores200
M. Siminoff a déclaré que les ventes ont augmenté après son apparition en 2013 dans un épisode de Shark Tank où le panel de la série a refusé de financer la start-up.,fr,flores200
"Fin 2017, Siminoff est apparu sur la chaîne de télé-achat QVC.",fr,flores200
"Ring a également réglé un procès avec une entreprise de sécurité concurrente, l'ADT Corporation.",fr,flores200
"Même si un vaccin expérimental semble jusqu'ici capable de réduire le taux de mortalité d'Ebola, aucun remède n'a encore été suffisamment efficace pour traiter l'infection existante.",fr,flores200
"Même si l'administration d'un cocktail d'anticorps, ZMapp, avait d'abord montré des signes prometteurs sur le terrain, des études formelles ont démontré que sa capacité à limiter les décès ne répondait pas aux attentes.",fr,flores200
"Dans l'essai PALM, le ZMapp a servi de témoin, ce qui signifie que les scientifiques l'ont utilisé comme base de référence et lui ont comparé les trois autres traitements.",fr,flores200
La Fédération américaine de gymnastique soutient la lettre du Comité olympique des États-Unis et accepte la nécessité absolue de la famille olympique de promouvoir un environnement sûr pour tous nos athlètes.,fr,flores200
"USA Gymnastics et l'USOC ont le même objectif : rendre la gymnastique, ainsi que d'autres sports, aussi sûrs que possible pour que les athlètes puissent poursuivre leurs rêves dans un environnement sûr, positif et responsabilisant.",fr,flores200
"Tout au long des années 1960, Brzezinski a travaillé pour John F. Kennedy en tant que conseiller, puis pour l'administration de Lyndon B. Johnson.",fr,flores200
"Lors des sélections de 1976, il a conseillé Carter en matière de politique étrangère, puis a été conseiller à la sécurité nationale (NSA) de 1977 à 1981, succédant à Henry Kissinger.",fr,flores200
"Le film, avec Ryan Gosling et Emma Stone, a reçu des nominations dans toutes les grandes catégories.",fr,flores200
Golsling et Stone ont respectivement été nominés pour le Meilleur Acteur et la Meilleure Actrice.,fr,flores200
"Deux chansons du film, Audition (The Fools Who Dream) et City of Stars, ont été nominées pour la meilleure chanson originale. Le studio Lionsgate a reçu 26 nominations — plus que tout autre studio.",fr,flores200
"Tard dimanche, le président des États-Unis Donald Trump, dans une déclaration faite par l'intermédiaire du secrétaire de presse, a annoncé que les troupes américaines allaient se retirer de la Syrie.",fr,flores200
L’annonce a été faite après que M. Trump ait eu une conversation téléphonique avec le président turc Recep Tayyip Erdoğan.,fr,flores200
Das Wetter heute ist sehr,de,original
Ich möchte Ihnen über,de,original
"Wissenschaftler haben entdeckt, dass",de,original
Das Wichtigste im Leben ist,de,original
Es war einmal ein,de,original
"„Wir haben jetzt 4 Monate alte Mäuse, die Diabetes hatten und jetzt keinen mehr haben“, fügte er hinzu.",de,flores200
"Dr. Ehud Ur, Professor für Medizin an der Dalhousie University in Halifax, Nova Scotia, und Vorsitzender der Abteilung für Klinik und Wissenschaft des Kanadischen Diabetesverbands gab zu bedenken, dass die Forschungsarbeit noch in den Kinderschuhen stecke.",de,flores200
"Wie einige andere Experten zeigte er sich skeptisch, ob es möglich sei, Diabetes zu heilen, und wies darauf hin, dass die Befunde für Menschen, die bereits unter Typ-1-Diabetes litten, keine Bedeutung hätten.",de,flores200
Danius sagte: „Im Moment unternehmen wir nichts. Ich habe seinen engsten Mitarbeiter angerufen und ihm E-Mails geschickt und sehr freundliche Antworten erhalten. Das ist vorläufig genug.“,de,flores200
"Rings CEO Jamie Siminoff sagte einmal, dass er das Unternehmen gegründet habe, nachdem er von seiner Garagenwerkstatt aus seine Türklingel nicht hören konnte.",de,flores200
"Siminoff sagte, die Verkäufe seien nach seinem Auftritt in einer Folge von „Shark Tank“ im Jahre 2013 stark gestiegen, obwohl die Jury der Sendung die Finanzierung seines Start-ups abgelehnt hatte.",de,flores200
Ende 2017 trat Siminoff im Teleshopping-Sender QVC auf.,de,flores200
Ring hat außerdem eine Rechtsstreitigkeit mit der konkurrierenden Sicherheitsfirma ADT Corporation beigelegt.,de,flores200
"Während ein experimenteller Impfstoff in der Lage zu sein scheint, die Ebola-Mortalität zu senken, gibt es bisher keine Medikamente, die als eindeutig zur Behandlung bestehender Infektionen geeignet nachgewiesen wurden.",de,flores200
"Ein Antikörper-Cocktail, ZMapp, erwies sich zunächst als vielversprechend, formelle Studien zeigten jedoch, dass er, was die Verhinderung von Todesfällen anbelangt, weniger Vorteile brachte als erhofft.",de,flores200
"In der PALM-Studie diente ZMapp als Kontrolle, d.h. die Wissenschaftler verwendeten es als Ausgangsbasis und verglichen die drei anderen Behandlungen damit.",de,flores200
"USA Gymnastics unterstützt den Brief des Olympischen Komitees der Vereinigten Staaten und akzeptiert es als absolute Notwendigkeit, dass sich die olympische Familie für ein sicheres Umfeld für alle unsere Sportler einsetzt.",de,flores200
"USA Gymnastics und das USOC haben das gleiche Ziel - den Turnsport und andere Sportarten für die Athleten so sicher wie möglich zu machen, damit sie ihren Träumen in einer sicheren, positiven und selbstbestimmten Umgebung folgen können.",de,flores200
Während der 1960er-Jahre arbeitete Brzezinski als Berater für John F. Kennedy sowie anschließend für die Regierung rund um Lyndon B. Johnson.,de,flores200
Während der Wahlen im Jahre 1976 beriet er Carter in der Außenpolitik und diente dann von 1977 bis 1981 in Nachfolge von Henry Kissinger als als nationaler Sicherheitsberater (NSA).,de,flores200
Der Film mit Ryan Gosling und Emma Stone hat Nominierungen in allen Hauptkategorien erhalten.,de,flores200
Gosling und Stone wurden als bester Schauspieler beziehungsweise beste Schauspielerin nominiert.,de,flores200
"Zwei Lieder aus dem Kinofilm, Audition (The Fools Who Dream) und City of Stars, bekamen Nominierungen für das beste eigenständige Lied. Lionsgate Studio bekam 26 Nominierungen – mehr als jedes andere Filmstudio.",de,flores200
"Am späten Sonntag kündigte der Präsident der Vereinigten Staaten, Donald Trump, in einer durch den Pressesekretär verlesenen Erklärung an, dass die US-Truppen Syrien verlassen würden.",de,flores200
Die Ankündigung erfolgte nach einem Telefongespräch von Trump mit dem türkischen Präsidenten Recep Tayyip Erdoğan.,de,flores200
El tiempo hoy es muy,es,original
Me gustaría hablarle sobre,es,original
Los científicos han descubierto que,es,original
Lo más importante en la vida es,es,original
Había una vez un,es,original
"«Actualmente, tenemos ratones de cuatro meses de edad que antes solían ser diabéticos y que ya no lo son», agregó.",es,flores200
"La investigación todavía se ubica en su etapa inicial, conforme indicara el Dr. Ehud Ur, docente en la carrera de medicina de la Universidad de Dalhousie, en Halifax, Nueva Escocia, y director del departamento clínico y científico de la Asociación Canadiense de Diabetes.",es,flores200
"Al igual que otros especialistas, es escéptico acerca de si la diabetes tiene cura y remarca que estos descubrimientos no son relevantes para quienes que ya padecen de diabetes de tipo 1.",es,flores200
"Danius declaró: «Actualmente no estamos haciendo nada. Llamé y envié correos electrónicos a su asistente más cercano y recibí contestaciones muy cordiales. Por el momento, eso es sin dudas suficiente».",es,flores200
"Con anterioridad, el director ejecutivo de Ring, Jamie Siminoff, mencionó que la compañía había iniciado a raíz de que el timbre de su entrada no podía oírse desde la tienda que tenía montada en su garaje.",es,flores200
"Siminoff declaró que las ventas se dispararon luego de su aparición en un episodio de Shark Tank en el año 2013, en el que el panel del programa televisivo se negó a financiar la puesta en marcha de la compañía.",es,flores200
"Hacia fines del año 2017, Siminoff hizo una aparición en el canal de compras televisadas QVC.",es,flores200
"Ring también llegó a un acuerdo en el litigio con la compañía de seguridad de la competencia, ADT Corporation.",es,flores200
"Al día de hoy no se ha demostrado a ciencia cierta que algún fármaco sea adecuado para tratar la infección existente causada por ébola, aun cuando existe una vacuna experimental que pareciera ser capaz de disminuir la mortalidad causada por esa enfermedad.",es,flores200
"Zmapp, un combinado de anticuerpos, tuvo un prometedor resultado de campo al principio, pero estudios los formales demostraron que era menos beneficioso de lo que se esperaba para prevenir la muerte.",es,flores200
"En el ensayo PALM, la función de Zmapp fue de control, es decir, que los científicos lo utilizaron como base y compararon con él los otros tres tratamientos.",es,flores200
USA Gymnastics respalda la nota del Comité Olímpico de los Estados Unidos y reconoce que resulta imperioso que la familia olímpica fomente un entorno seguro para todos nuestros deportistas.,es,flores200
"La meta de USA Gymnastics y USOC es la misma: lograr que la gimnasia y otros deportes sean lo más seguro posible para que los atletas persigan sus sueños en un entorno protegido, positivo y potenciado.",es,flores200
"Durante los años 60, Brzezinski trabajó para John F. Kennedy en el puesto de asesor y, posteriormente, para el gobierno de Lyndon B. Johnson.",es,flores200
"Asesoró a Carter en materia de política exterior en las elecciones de 1976. Posteriormente, trabajó como asesor de seguridad nacional (ASN) entre 1977 y 1981, luego de Henry Kissinger.",es,flores200
"El filme, protagonizado por Tyan Gosling y Emma Stone, fue nominado en todas las categorías más importantes.",es,flores200
"Gosling y Stone fueron nominados como Mejor Actor y Mejor Actriz, respectivamente.",es,flores200
"Fueron dos las nominadas a mejor canción original: Audición (Los tontos que sueñan) y Ciudad de estrellas. El estudio Lionsgate fue nominado 26 veces, superando a cualquier otro estudio.",es,flores200
"El domingo por la noche, en un anuncio realizado mediante el secretario de prensa, el presidente de los Estados Unidos de América, Donald Trump, comunicó que las tropas estadounidenses se retirarían de Siria.",es,flores200
"El anuncio se hizo tras la conversación telefónica que Trump mantuvo con con el presidente de Turquía, Recep Tayyip Erdoğan.",es,flores200
Il tempo oggi è molto,it,original
Vorrei parlarvi di,it,original
Gli scienziati hanno scoperto che,it,original
La cosa più importante nella vita è,it,original
C'era una volta un,it,original
"""Abbiamo topi di quattro mesi che prima erano diabetici e ora non lo sono più"", ha aggiunto.",it,flores200
"Lo studio è ancora in fase iniziale, come dichiarato cautelativamente dal dottor Ehud Ur, professore di medicina alla Dalhousie University di Halifax, Nuova Scozia, e direttore del dipartimento clinico e scientifico della Canadian Diabetes Association.",it,flores200
"Come altri esperti, è scettico circa la possibilità di curare il diabete, sottolineando che questi risultati non hanno rilevanza per chi è già affetto dal diabete di tipo 1.",it,flores200
"Danius ha dischiarato: ""Ora come ora non stiamo facendo niente. Ho telefonato e inviato e-mail al suo più stretto collaboratore, che mi ha risposto in modo molto gentile. Per il momento, basta e avanza"".",it,flores200
"In precedenza, Jamie Siminoff, amministratore delegato di Ring, ha sottolineato che la società era nata quando ancora non poteva sentire il campanello dal suo negozio in garage.",it,flores200
"Siminoff ha dichiarato che le vendite sono incrementate dopo la sua comparsa nel 2013 in un episodio di Shark Tank, in cui la giuria del programma si è rifiutata di finanziare la startup.",it,flores200
Siminoff è comparso sull'emittente televisiva commerciale QVC alla fine del 2017.,it,flores200
"Ring ha inoltre raggiunto un accordo transattivo con la società concorrente di servizi di sicurezza, la ADT Corporation.",it,flores200
"Se da un lato sembra che ci sia un vaccino sperimentale in grado di ridurre la mortalità da Ebola, dall'altro non è stato trovato ancora nessun farmaco che si sia chiaramente dimostrato adatto al trattamento dell'infezione esistente.",it,flores200
"Un cocktail di anticorpi, ZMapp, si è inizialmente mostrato promettente sul campo, ma studi formali hanno rivelato un'efficacia inferiore rispetto a quella sperata nella prevenzione dei decessi.",it,flores200
"Nello studio PALM, ZMapp è stato usato come mezzo di controllo, ovvero gli scienziati lo hanno impiegato come riferimento e messo a confronto con le altre tre terapie.",it,flores200
La USA Gymnastics appoggia la lettera del Comitato Olimpico degli Stati Uniti e riconosce l'assoluta necessità da parte della comunità olimpica di adoperarsi per creare un ambiente sicuro per tutti i suoi atleti.,it,flores200
"USA Gymnastics e USOC hanno il medesimo obiettivo: rendere la ginnastica e gli altri sport il più sicuri possibile, affinché gli atleti possano inseguire i loro sogni in un ambiente affidabile, positivo e responsabilizzato.",it,flores200
"Nel corso degli anni '60, Brzezinski fu il consigliere di John F. Kennedy e successivamente dell'amministrazione Lyndon B. Johnson.",it,flores200
"Nel corso delle elezioni del 1976, consigliò Carter in materia di politica estera per poi ricoprire il ruolo di Consigliere per la sicurezza nazionale (NSA) dal 1977 al 1981, subentrando a Henry Kissinger.",it,flores200
"Il film, interpretato da Ryan Gosling ed Emma Stone, ha collezionato candidature in tutte le categorie principali.",it,flores200
Gosling e la Stone hanno avuto la nomination: miglior attore e miglior attrice rispettivamente.,it,flores200
"Due brani del film, Audition (The Fools Who Dream) e City of Stars, hanno avuto le nomination come migliore canzone originale. Lo studio con il maggior numero di nomination è stato Lionsgate, che ne ha ricevute 26.",it,flores200
"Nella serata di domenica, il presidente degli Stati Uniti Donald Trump, ha fornito una dichiarazione attraverso il suo addetto stampa, in cui annunciava il ritiro delle truppe americane dalla Siria.",it,flores200
L'annuncio è stato fatto a seguito di un colloquio telefonico tra Trump e il presidente turco Recep Tayyip Erdoğan.,it,flores200
